Workbook

Sheet Parametros
A1: PARÂMETROS DO MODELO S&OE
A3: Parâmetro | B3: Valor | C3: Unidade
A4: Nível de Serviço (%) | B4: 99 | C4: %
A5: Z-Score (NS) | B5: 2.33
A6: Lead Time Padrão (dias) | B6: 30 | C6: dias
A7: Fator de Segurança (k) | B7: 1.2
A8: Plano S&OP Total (ton) | B8: 4607 | C8: ton
A9: Dias Úteis no Mês | B9: 30 | C9: dias
A10: Lote Mínimo Produção (ton) | B10: 600 | C10: ton
A13: LEGENDA DE CORES — Aba Plano S&OE
A14: Azul claro | B14: Campo de entrada (usuário preenche)
A15: Cinza claro | B15: Campo calculado por fórmula (não editar)
A16: Verde | B16: OK — Projeção acima do Estoque Ideal
A17: Amarelo | B17: Atenção — Projeção abaixo do Ideal
A18: Vermelho | B18: Ruptura — Projeção negativa
A20: REGRAS DE NEGÓCIO — PLANO S&OE
A21: 1. Se Proposta Ajuste < 0 E Prog SAP = 0 → Plano S&OE = 0 (não há o que cortar)
A22: 2. Se Estratégia = MTO E Carteira = 0 → Plano S&OE = 0 (sem demanda real)
A23: 3. Caso contrário → Plano S&OE = Proposta de Ajuste Produção
A25: REGRAS DE ALERTA — OBSERVAÇÃO
A26: [RUPTURA] → Projeção de Estoque Final < 0
A27: [ABAIXO LOTE] → Plano S&OE > 0 porém abaixo do Lote Mínimo
A28: [MTO] → Item sob pedido (Make-to-Order)
A29: [FORA CICLO] → Prog SAP = 0 (item não programado no mês)

Sheet Plano S&OE
A1: Chave | B1: Planta | C1: GPP | D1: Cod_SKU | E1: Descricao_SKU | F1: Estrategia | G1: Monitorado | H1: Segmento | I1: Prog_SAP_Orcado_ton | J1: Estoque_Livre_Atual_ton | K1: Demanda_Media_Mensal_ton | L1: Desvio_Padrao_Demanda_ton | M1: Carteira_ton | N1: Demanda_Media_Diaria_ton | O1: Cobertura_Atual_dias | P1: Estoque_Ideal_ton | Q1: Cobertura_Ideal_dias | R1: Proj_Estoque_Base_ton | S1: Proposta_Ajuste_Prod_ton | T1: Plano_SOE_ton | U1: Proj_Estoque_Final_ton | V1: Observacao_Alerta
A2: FAB1-11111111 | B2: FAB1 | C2: FERRO A | D2: 11111111 | E2: FERRO 1 | F2: MTO | G2: Não | H2: RUNNER | I2: 23 | J2: 0 | K2: 233 | L2: 23 | M2: 0 | N2: =K2/Parametros!B9 | O2: =IFERROR(J2/N2,0) | P2: =N2*Parametros!B6*Parametros!B7+Parametros!B5*L2*SQRT(Parametros!B6/Parametros!B9) | Q2: =IFERROR(P2/N2,0) | R2: =J2+I2-K2 | S2: =P2-R2 | T2: =IF(AND(S2<0,I2=0),0,IF(AND(F2="MTO",M2=0),0,S2)) | U2: =J2+IF(T2>0,T2,I2)-K2 | V2: =TRIM(IF(U2<0,"[RUPTURA] Estoque Final negativo ","")&IF(AND(T2>0,T2<Parametros!B10),"[ABAIXO LOTE] Min "&TEXT(Parametros!B10,"#,##0")&"t ","")&IF(F2="MTO","[MTO] Sob pedido ","")&IF(I2=0,"[FORA CICLO] Nao produz no mes",""))
A3: FAB2-22222222 | B3: FAB2 | C3: FERRO B | D3: 22222222 | E3: FERRO 2 | F3: MTO | G3: Não | H3: RUNNER | I3: 42 | J3: 0 | K3: 3332 | L3: 323 | M3: 0 | N3: =K3/Parametros!B9 | O3: =IFERROR(J3/N3,0) | P3: =N3*Parametros!B6*Parametros!B7+Parametros!B5*L3*SQRT(Parametros!B6/Parametros!B9) | Q3: =IFERROR(P3/N3,0) | R3: =J3+I3-K3 | S3: =P3-R3 | T3: =IF(AND(S3<0,I3=0),0,IF(AND(F3="MTO",M3=0),0,S3)) | U3: =J3+IF(T3>0,T3,I3)-K3 | V3: =TRIM(IF(U3<0,"[RUPTURA] Estoque Final negativo ","")&IF(AND(T3>0,T3<Parametros!B10),"[ABAIXO LOTE] Min "&TEXT(Parametros!B10,"#,##0")&"t ","")&IF(F3="MTO","[MTO] Sob pedido ","")&IF(I3=0,"[FORA CICLO] Nao produz no mes",""))
A4: FAB3-33333333 | B4: FAB3 | C4: FERRO C | D4: 33333333 | E4: FERRO 3 | F4: MTS | G4: Sim | H4: RUNNER | I4: 33 | J4: 23 | K4: 232 | L4: 445 | M4: 0 | N4: =K4/Parametros!B9 | O4: =IFERROR(J4/N4,0) | P4: =N4*Parametros!B6*Parametros!B7+Parametros!B5*L4*SQRT(Parametros!B6/Parametros!B9) | Q4: =IFERROR(P4/N4,0) | R4: =J4+I4-K4 | S4: =P4-R4 | T4: =IF(AND(S4<0,I4=0),0,IF(AND(F4="MTO",M4=0),0,S4)) | U4: =J4+IF(T4>0,T4,I4)-K4 | V4: =TRIM(IF(U4<0,"[RUPTURA] Estoque Final negativo ","")&IF(AND(T4>0,T4<Parametros!B10),"[ABAIXO LOTE] Min "&TEXT(Parametros!B10,"#,##0")&"t ","")&IF(F4="MTO","[MTO] Sob pedido ","")&IF(I4=0,"[FORA CICLO] Nao produz no mes",""))
A5: FAB4-04444444 | B5: FAB4 | C5: FERRO D | D5: 04444444 | E5: FERRO 4 | F5: MTS | G5: Sim | H5: RUNNER | I5: 222 | J5: 11 | K5: 323 | L5: 553 | M5: 0 | N5: =K5/Parametros!B9 | O5: =IFERROR(J5/N5,0) | P5: =N5*Parametros!B6*Parametros!B7+Parametros!B5*L5*SQRT(Parametros!B6/Parametros!B9) | Q5: =IFERROR(P5/N5,0) | R5: =J5+I5-K5 | S5: =P5-R5 | T5: =IF(AND(S5<0,I5=0),0,IF(AND(F5="MTO",M5=0),0,S5)) | U5: =J5+IF(T5>0,T5,I5)-K5 | V5: =TRIM(IF(U5<0,"[RUPTURA] Estoque Final negativo ","")&IF(AND(T5>0,T5<Parametros!B10),"[ABAIXO LOTE] Min "&TEXT(Parametros!B10,"#,##0")&"t ","")&IF(F5="MTO","[MTO] Sob pedido ","")&IF(I5=0,"[FORA CICLO] Nao produz no mes",""))
A6: FAB5-05555555 | B6: FAB5 | C6: FERRO E | D6: 05555555 | E6: FERRO 5 | F6: MTO | G6: Não | H6: RUNNER | I6: 43 | J6: 98 | K6: 978 | L6: 4 | M6: 0 | N6: =K6/Parametros!B9 | O6: =IFERROR(J6/N6,0) | P6: =N6*Parametros!B6*Parametros!B7+Parametros!B5*L6*SQRT(Parametros!B6/Parametros!B9) | Q6: =IFERROR(P6/N6,0) | R6: =J6+I6-K6 | S6: =P6-R6 | T6: =IF(AND(S6<0,I6=0),0,IF(AND(F6="MTO",M6=0),0,S6)) | U6: =J6+IF(T6>0,T6,I6)-K6 | V6: =TRIM(IF(U6<0,"[RUPTURA] Estoque Final negativo ","")&IF(AND(T6>0,T6<Parametros!B10),"[ABAIXO LOTE] Min "&TEXT(Parametros!B10,"#,##0")&"t ","")&IF(F6="MTO","[MTO] Sob pedido ","")&IF(I6=0,"[FORA CICLO] Nao produz no mes",""))
A7: TOTAL | I7: =SUM(I2:I6) | J7: =SUM(J2:J6) | K7: =SUM(K2:K6) | L7: =SUM(L2:L6) | M7: =SUM(M2:M6) | R7: =SUM(R2:R6) | S7: =SUM(S2:S6) | T7: =SUM(T2:T6) | U7: =SUM(U2:U6)

Sheet Analise_Resumo
A1: RESUMO EXECUTIVO — PLANO S&OE
A3: INDICADORES-CHAVE
A4: Total SKUs | B4: =COUNTA('Plano S&OE'!A2:A6)
A5: SKUs em Ruptura (Proj Final < 0) | B5: =COUNTIF('Plano S&OE'!U2:U6,"<0")
A6: SKUs com Plano S&OE = 0 | B6: =COUNTIF('Plano S&OE'!T2:T6,0)
A7: SKUs com Plano S&OE > 0 | B7: =COUNTIF('Plano S&OE'!T2:T6,">0")
A8: Demanda Total (ton) | B8: =SUM('Plano S&OE'!K2:K6)
A9: Produção SAP Total (ton) | B9: =SUM('Plano S&OE'!I2:I6)
A10: Gap SAP vs Demanda (ton) | B10: =SUM('Plano S&OE'!I2:I6)-SUM('Plano S&OE'!K2:K6)
A11: Plano S&OE Total (ton) | B11: =SUM('Plano S&OE'!T2:T6)
A12: Ajuste Total Proposto (ton) | B12: =SUM('Plano S&OE'!S2:S6)
A14: RISCOS IDENTIFICADOS
A15: 100% dos SKUs projetam ruptura sem intervenção do Plano S&OE
A16: Programação SAP cobre apenas 3-10% da demanda mensal
A17: Itens MTS monitorados (FERRO 3, 4) com cobertura < 3 dias
A18: Desvio padrão > média em FERRO 3 e FERRO 4 — revisar base histórica
A19: Todos os itens MTO com carteira zerada — sem demanda real registrada
A21: AÇÕES RECOMENDADAS
A22: URGENTE | B22: Registrar carteira real para itens MTO — libera cálculo do Plano S&OE
A23: URGENTE | B23: Realinhar programação SAP — gap de ~4.700 ton vs demanda
A24: ALTO | B24: Revisar histórico de demanda de FERRO 3 e 4 (σ > média)
A25: MÉDIO | B25: Diferenciar NS por estratégia (MTS=99%, MTO=por carteira)
A26: MÉDIO | B26: Ajustar Lote Mínimo por SKU se necessário (atual: 600t global)
A27: BAIXO | B27: Incluir segmentos STRANGER/REPEATER se aplicável
