Workbook

Sheet FOPAG TESTE
A1: planilha de teste — dados 100% fictícios
A2: NOME | B2: MES | C2: Centro de Custo | D2: SALARIO | E2: HORAS EXTRAS | F2: BENEFICIOS | G2: ENCARGOS | H2: TOTAL PROVENTOS
A3: ANA TESTE SILVA | B3: 46023 | C3: Comercial | D3: 8000 | E3: 400 | F3: 600 | G3: 1800 | H3: 10800
A4: BRUNO TESTE COSTA | B4: 46023 | C4: Operações | D4: 6500 | E4: 250 | F4: 500 | G4: 1450 | H4: 8700
A5: CARLA TESTE LIMA | B5: 46023 | C5: Comercial | D5: 9200 | E5: 0 | F5: 700 | G5: 2100 | H5: 12000
A6: ANA TESTE SILVA | B6: 46054 | C6: Comercial | D6: 8080 | E6: 404 | F6: 600 | G6: 1818 | H6: 10902
A7: BRUNO TESTE COSTA | B7: 46054 | C7: Operações | D7: 6565 | E7: 252.5 | F7: 500 | G7: 1464.5 | H7: 8782
A8: CARLA TESTE LIMA | B8: 46054 | C8: Comercial | D8: 9292 | E8: 0 | F8: 700 | G8: 2121 | H8: 12113
A9: ANA TESTE SILVA | B9: 46082 | C9: Comercial | D9: 8160 | E9: 408 | F9: 600 | G9: 1836 | H9: 11004
A10: BRUNO TESTE COSTA | B10: 46082 | C10: Operações | D10: 6630 | E10: 255 | F10: 500 | G10: 1479 | H10: 8864
A11: CARLA TESTE LIMA | B11: 46082 | C11: Comercial | D11: 9384 | E11: 0 | F11: 700 | G11: 2142 | H11: 12226
A12: ANA TESTE SILVA | B12: 46113 | C12: Comercial | D12: 8240 | E12: 412 | F12: 600 | G12: 1854 | H12: 11106
A13: BRUNO TESTE COSTA | B13: 46113 | C13: Operações | D13: 6695 | E13: 257.5 | F13: 500 | G13: 1493.5 | H13: 8946
A14: CARLA TESTE LIMA | B14: 46113 | C14: Comercial | D14: 9476 | E14: 0 | F14: 700 | G14: 2163 | H14: 12339

Sheet BALANCETE 02.2026
A1: Código | B1: Classificação | E1: Nome | H1: Débito | I1: Crédito
A2: 2 | B2: 4.2.01.001.001 | E2: SALARIO BASE TESTE | H2: 23937 | I2: 0
A3: 3 | B3: 4.2.01.001.002 | E3: HORAS EXTRAS TESTE | H3: 656.5 | I3: 0
A4: 4 | B4: 4.2.01.001.003 | E4: BENEFICIOS TESTE | H4: 1800 | I4: 0
A5: 5 | B5: 4.2.01.004.001 | E5: ENCARGOS TESTE | H5: 5654.25 | I5: 0

Sheet Balancete 03-2026
A1: Classificação | C1: Nome | E1: Débito | F1: Crédito
A2: 4.2.01.001.001 | C2: SALARIO BASE TESTE | E2: 24174 | F2: 0
A3: 4.2.01.001.002 | C3: HORAS EXTRAS TESTE | E3: 663 | F3: 0
A4: 4.2.01.001.003 | C4: BENEFICIOS TESTE | E4: 1800 | F4: 0
A5: 4.2.01.004.001 | C5: ENCARGOS TESTE | E5: 5457 | F5: 0

Sheet BALANCETE 04.2026
A1: Código | B1: Classificação | E1: Nome | H1: Débito | I1: Crédito
A2: 2 | B2: 4.2.01.001 | E2: GRUPO SALARIAL TESTE (pai) | H2: 24751.2 | I2: 0
A3: 3 | B3: 4.2.01.001.001 | E3: SALARIO BASE TESTE | H3: 24411 | I3: 0
A4: 4 | B4: 4.2.01.001.002 | E4: HORAS EXTRAS TESTE | H4: 669.5 | I4: 0
A5: 5 | B5: 4.2.01.001.003 | E5: BENEFICIOS TESTE | H5: 1800 | I5: 0
A6: 6 | B6: 4.2.01.001.009 | E6: AUXILIO CRECHE TESTE (fantasma) | H6: 340.2 | I6: 0
A7: 7 | B7: 4.2.01.004.001 | E7: ENCARGOS TESTE | H7: 5510.5 | I7: 0

Sheet RAZÃO 04.2026
A1: Data | B1: Histórico | E1: Contra | F1: Débito | G1: Crédito
A10: 46124 | B10: Reclassificação teste 1 | F10: 180.4 | G10: 0
A11: 46132 | B11: Reclassificação teste 2 | F11: 95.1 | G11: 0

Sheet CHECK
C1: JANEIRO | G1: FEVEREIRO | K1: MARÇO | O1: ABRIL
C2: 46023 | G2: 46054 | K2: 46082 | O2: 46113
C3: FOPAG | D3: CONTABIL | E3: DIFERENÇA | G3: FOPAG | H3: CONTABIL | I3: DIFERENÇA | K3: FOPAG | L3: CONTABIL | M3: DIFERENÇA | O3: FOPAG | P3: CONTABIL | Q3: DIFERENÇA
A4: DESCRIÇÃO CONTA
A5: SALARIO BASE TESTE (4.2.01.001.001) | C5: =SUMIFS('FOPAG TESTE'!$D$3:$D$100,'FOPAG TESTE'!$B$3:$B$100,C2) -> 23700 | D5: 23700 | E5: 0 | G5: =SUMIFS('FOPAG TESTE'!$D$3:$D$100,'FOPAG TESTE'!$B$3:$B$100,G2) -> 23937 | H5: ='BALANCETE 02.2026'!H2 -> 23937 | I5: =G5-H5 -> 0 | K5: =SUMIFS('FOPAG TESTE'!$D$3:$D$100,'FOPAG TESTE'!$B$3:$B$100,K2) -> 24174 | L5: ='Balancete 03-2026'!Z2 -> 0 | M5: =K5-L5 -> 24174 | O5: =SUMIFS('FOPAG TESTE'!$D$3:$D$100,'FOPAG TESTE'!$B$3:$B$100,O2) -> 24411 | P5: ='BALANCETE 04.2026'!H3 -> 24411 | Q5: =O5-P5 -> 0
A6: HORAS EXTRAS TESTE (4.2.01.001.002) | C6: =SUMIFS('FOPAG TESTE'!$E$3:$E$100,'FOPAG TESTE'!$B$3:$B$100,C2) -> 650 | D6: 650 | E6: 0 | G6: =SUMIFS('FOPAG TESTE'!$E$3:$E$100,'FOPAG TESTE'!$B$3:$B$100,G2) -> 656.5 | H6: ='BALANCETE 02.2026'!H3 -> 656.5 | I6: =G6-H6 -> 0 | K6: =SUMIFS('FOPAG TESTE'!$E$3:$E$100,'FOPAG TESTE'!$B$3:$B$100,K2) -> 663 | L6: ='Balancete 03-2026'!Z3 -> 0 | M6: =K6-L6 -> 663 | O6: =SUMIFS('FOPAG TESTE'!$E$3:$E$100,'FOPAG TESTE'!$B$3:$B$100,O2) -> 669.5 | P6: ='BALANCETE 04.2026'!H4 -> 669.5 | Q6: =O6-P6 -> 0
A7: BENEFICIOS TESTE (4.2.01.001.003) | C7: =SUMIFS('FOPAG TESTE'!$F$3:$F$100,'FOPAG TESTE'!$B$3:$B$100,C2) -> 1800 | D7: 1800 | E7: 0 | G7: =SUMIFS('FOPAG TESTE'!$F$3:$F$100,'FOPAG TESTE'!$B$3:$B$100,G2) -> 1800 | H7: ='BALANCETE 02.2026'!H4 -> 1800 | I7: =G7-H7 -> 0 | K7: =SUMIFS('FOPAG TESTE'!$F$3:$F$100,'FOPAG TESTE'!$B$3:$B$100,K2) -> 1800 | L7: ='Balancete 03-2026'!Z4 -> 0 | M7: =K7-L7 -> 1800 | O7: =SUMIFS('FOPAG TESTE'!$F$3:$F$100,'FOPAG TESTE'!$B$3:$B$100,O2) -> 1800 | P7: ='BALANCETE 04.2026'!H5 -> 1800 | Q7: =O7-P7 -> 0
A8: ENCARGOS TESTE (4.2.01.004.001) | C8: =SUMIFS('FOPAG TESTE'!$G$3:$G$100,'FOPAG TESTE'!$B$3:$B$100,C2) -> 5350 | D8: 5350 | E8: 0 | G8: =SUMIFS('FOPAG TESTE'!$G$3:$G$100,'FOPAG TESTE'!$B$3:$B$100,G2) -> 5403.5 | H8: ='BALANCETE 02.2026'!H5 -> 5654.25 | I8: =G8-H8 -> -250.75 | K8: =SUMIFS('FOPAG TESTE'!$G$3:$G$100,'FOPAG TESTE'!$B$3:$B$100,K2) -> 5457 | L8: ='Balancete 03-2026'!Z5 -> 0 | M8: =K8-L8 -> 5457 | O8: =SUMIFS('FOPAG TESTE'!$G$3:$G$100,'FOPAG TESTE'!$B$3:$B$100,O2) -> 5510.5 | P8: ='BALANCETE 04.2026'!H7+'RAZÃO 04.2026'!F10+'RAZÃO 04.2026'!F11 -> 5786 | Q8: =O8-P8 -> -275.5
